-- phpMyAdmin SQL Dump
-- version 5.1.1
-- https://www.phpmyadmin.net/
--
-- Servidor: 127.0.0.1
-- Tiempo de generacion: 31-10-2021 a las 17:28:44
-- Version del servidor: 10.4.20-MariaDB
-- Version de PHP: 7.4.22

SET SQL_MODE = "NO_AUTO_VALUE_ON_ZERO";
START TRANSACTION;
SET time_zone = "+00:00";


/*!40101 SET @OLD_CHARACTER_SET_CLIENT=@@CHARACTER_SET_CLIENT */;
/*!40101 SET @OLD_CHARACTER_SET_RESULTS=@@CHARACTER_SET_RESULTS */;
/*!40101 SET @OLD_COLLATION_CONNECTION=@@COLLATION_CONNECTION */;
/*!40101 SET NAMES utf8mb4 */;

--
-- Base de datos: `messavet`
--

-- --------------------------------------------------------

--
-- Estructura de tabla para la tabla `animal`
--

CREATE TABLE `animal` (
  `anim_ced_cli` varchar(15) COLLATE utf8_general_ci NOT NULL,
  `cod_animal` varchar(10) COLLATE utf8_spanish_ci NOT NULL,
  `anim_nombre` varchar(50) COLLATE utf8_spanish_ci NOT NULL,
  `anim_fech_nacido` timestamp NOT NULL DEFAULT current_timestamp(),
  `anim_cod_raza` varchar(2) COLLATE utf8_spanish_ci NOT NULL,
  `anim_cod_genero` varchar(2) COLLATE utf8_spanish_ci NOT NULL,
  `anim_fech_ingreso` timestamp NOT NULL DEFAULT current_timestamp()
) ENGINE=InnoDB DEFAULT CHARSET=utf8 COLLATE=utf8_spanish_ci;

--
-- Volcado de datos para la tabla `animal`
--

INSERT INTO `animal` (`anim_ced_cli`, `cod_animal`, `anim_nombre`, `anim_fech_nacido`, `anim_cod_raza`, `anim_cod_genero`, `anim_fech_ingreso`) VALUES
('103321455', '1010001', 'ESTRELLA', '2021-07-05 05:00:00', 'FE', 'HE', '2021-09-27 17:59:59'),
('103321455', '2020001', 'ROGER', '2020-07-16 18:00:28', 'CA', 'MA', '2021-09-27 18:01:37'),
('43908759', '202002', 'FIRULAIS', '2019-07-12 05:00:00', 'CA', 'MA', '2021-10-27 03:24:22'),
('719879976', '3020001', 'YORSI', '2020-04-23 18:01:49', 'EQ', 'MA', '2021-09-27 18:02:58');

-- --------------------------------------------------------

--
-- Estructura de tabla para la tabla `cita`
--

CREATE TABLE `cita` (
  `cod_cita` int(11) NOT NULL,
  `cita_cod_animal` varchar(10) COLLATE utf8_spanish_ci NOT NULL,
  `cita_tipo_cita` varchar(2) COLLATE utf8_spanish_ci NOT NULL,
  `cita_turno` int(11) NOT NULL,
  `cita_estado` varchar(10) COLLATE utf8_spanish_ci NOT NULL,
  `cita_observaciones` varchar(200) COLLATE utf8_spanish_ci NOT NULL,
  `cita_fech_solicitada` timestamp NOT NULL DEFAULT current_timestamp()
) ENGINE=InnoDB DEFAULT CHARSET=utf8 COLLATE=utf8_spanish_ci;

--
-- Volcado de datos para la tabla `cita`
--

INSERT INTO `cita` (`cod_cita`, `cita_cod_animal`, `cita_tipo_cita`, `cita_turno`, `cita_estado`, `cita_observaciones`, `cita_fech_solicitada`) VALUES
(4, '1010001', 'PR', 1, 'CANCELADA', '', '2021-09-28 21:15:11'),
(5, '2020001', 'PR', 2, 'RESERVADA', 'Mi perro esta sonoliento constantemente', '2021-09-28 21:17:21'),
(6, '1010001', 'PR', 3, 'CANCELADA', '', '2021-10-04 01:50:49'),
(8, '2020001', 'PR', 138, 'ATENDIDA', '', '2021-10-04 03:47:49'),
(9, '2020001', 'PR', 4, 'ATENDIDA', '', '2021-10-04 03:48:43'),
(12, '2020001', 'PR', 141, 'NO_ASISTE', '', '2021-10-04 03:54:14'),
(13, '2020001', 'PR', 142, 'RESERVADA', '', '2021-10-04 03:55:47'),
(14, '1010001', 'PR', 143, 'RESERVADA', '', '2021-10-04 03:57:12'),
(15, '1010001', 'PR', 144, 'RESERVADA', '', '2021-10-04 03:59:42'),
(16, '1010001', 'PR', 5, 'RESERVADA', '', '2021-10-04 04:01:32'),
(18, '1010001', 'PR', 7, 'RESERVADA', '', '2021-10-04 04:11:54'),
(19, '1010001', 'PR', 8, 'RESERVADA', '', '2021-10-04 04:45:13'),
(23, '1010001', 'PR', 12, 'RESERVADA', '', '2021-10-04 04:55:33'),
(24, '1010001', 'PR', 13, 'RESERVADA', '', '2021-10-04 04:57:50'),
(25, '1010001', 'PR', 14, 'RESERVADA', '', '2021-10-04 04:58:53'),
(26, '2020001', 'PR', 296, 'CANCELADA', '', '2021-10-28 03:46:33');

-- --------------------------------------------------------

--
-- Estructura de tabla para la tabla `ciudad`
--

CREATE TABLE `ciudad` (
  `cod_ciudad_depto` varchar(5) COLLATE utf8_spanish_ci NOT NULL,
  `ciu_ciudad_depto` varchar(60) COLLATE utf8_spanish_ci NOT NULL
) ENGINE=InnoDB DEFAULT CHARSET=utf8 COLLATE=utf8_spanish_ci;

--
-- Volcado de datos para la tabla `ciudad`
--

INSERT INTO `ciudad` (`cod_ciudad_depto`, `ciu_ciudad_depto`) VALUES
('11001', 'Bogota, D.C. - Bogota'),
('13001', 'Cartagena De Indias - Bolivar'),
('13006', 'Achi - Bolivar'),
('13030', 'Altos Del Rosario - Bolivar'),
('13052', 'Arjona - Bolivar'),
('13074', 'Barranco De Loba - Bolivar'),
('13140', 'Calamar - Bolivar'),
('13160', 'Cantagallo - Bolivar'),
('13188', 'Cicuco - Bolivar'),
('13212', 'Cordoba - Bolivar'),
('13222', 'Clemencia - Bolivar'),
('13244', 'El Carmen De Bolivar - Bolivar'),
('13248', 'El Guamo - Bolivar'),
('13268', 'El Penon - Bolivar'),
('13300', 'Hatillo De Loba - Bolivar'),
('13430', 'Magangue - Bolivar'),
('13433', 'Mahates - Bolivar'),
('13440', 'Margarita - Bolivar'),
('13442', 'Maria La Baja - Bolivar'),
('13458', 'Montecristo - Bolivar'),
('13468', 'Mompos - Bolivar'),
('13473', 'Morales - Bolivar'),
('13549', 'Pinillos - Bolivar'),
('13580', 'Regidor - Bolivar'),
('13600', 'Rio Viejo - Bolivar'),
('13620', 'San Cristobal - Bolivar'),
('13647', 'San Estanislao - Bolivar'),
('13650', 'San Fernando - Bolivar'),
('13654', 'San Jacinto - Bolivar'),
('13657', 'San Juan Nepomuceno - Bolivar'),
('13667', 'San Martin De Loba - Bolivar'),
('13670', 'San Pablo - Bolivar'),
('13673', 'Santa Catalina - Bolivar'),
('13683', 'Santa Rosa - Bolivar'),
('13688', 'Santa Rosa Del Sur - Bolivar'),
('13744', 'Simiti - Bolivar'),
('13760', 'Soplaviento - Bolivar'),
('13780', 'Talaigua Nuevo - Bolivar'),
('13810', 'Tiquisio - Bolivar'),
('13836', 'Turbaco - Bolivar'),
('13838', 'Turbana - Bolivar'),
('13873', 'Villanueva - Bolivar'),
('13894', 'Zambrano - Bolivar'),
('15001', 'Tunja - Boyaca'),
('15022', 'Almeida - Boyaca'),
('15047', 'Aquitania - Boyaca'),
('15051', 'Arcabuco - Boyaca'),
('15087', 'Belen - Boyaca'),
('15090', 'Berbeo - Boyaca'),
('15092', 'Beteitiva - Boyaca'),
('15097', 'Boavita - Boyaca'),
('15104', 'Boyaca - Boyaca'),
('15106', 'Briceno - Boyaca'),
('15109', 'Buenavista - Boyaca'),
('15114', 'Busbanza - Boyaca'),
('15131', 'Caldas - Boyaca'),
('15135', 'Campohermoso - Boyaca'),
('15162', 'Cerinza - Boyaca'),
('15172', 'Chinavita - Boyaca'),
('15176', 'Chiquinquira - Boyaca'),
('15180', 'Chiscas - Boyaca'),
('15183', 'Chita - Boyaca'),
('15185', 'Chitaraque - Boyaca'),
('15187', 'Chivata - Boyaca'),
('15189', 'Cienega - Boyaca'),
('15204', 'Combita - Boyaca'),
('15212', 'Coper - Boyaca'),
('15215', 'Corrales - Boyaca'),
('15218', 'Covarachia - Boyaca'),
('15223', 'Cubara - Boyaca'),
('15224', 'Cucaita - Boyaca'),
('15226', 'Cuitiva - Boyaca'),
('15232', 'Chiquiza - Boyaca'),
('15236', 'Chivor - Boyaca'),
('15238', 'Duitama - Boyaca'),
('15244', 'El Cocuy - Boyaca'),
('15248', 'El Espino - Boyaca'),
('15272', 'Firavitoba - Boyaca'),
('15276', 'Floresta - Boyaca'),
('15293', 'Gachantiva - Boyaca'),
('15296', 'Gameza - Boyaca'),
('15299', 'Garagoa - Boyaca'),
('15317', 'Guacamayas - Boyaca'),
('15322', 'Guateque - Boyaca'),
('15325', 'Guayata - Boyaca'),
('15332', 'Güican De La Sierra - Boyaca'),
('15362', 'Iza - Boyaca'),
('15367', 'Jenesano - Boyaca'),
('15368', 'Jerico - Boyaca'),
('15377', 'Labranzagrande - Boyaca'),
('15380', 'La Capilla - Boyaca'),
('15401', 'La Victoria - Boyaca'),
('15403', 'La Uvita - Boyaca'),
('15407', 'Villa De Leyva - Boyaca'),
('15425', 'Macanal - Boyaca'),
('15442', 'Maripi - Boyaca'),
('15455', 'Miraflores - Boyaca'),
('15464', 'Mongua - Boyaca'),
('15466', 'Mongui - Boyaca'),
('15469', 'Moniquira - Boyaca'),
('15476', 'Motavita - Boyaca'),
('15480', 'Muzo - Boyaca'),
('15491', 'Nobsa - Boyaca'),
('15494', 'Nuevo Colon - Boyaca'),
('15500', 'Oicata - Boyaca'),
('15507', 'Otanche - Boyaca'),
('15511', 'Pachavita - Boyaca'),
('15514', 'Paez - Boyaca'),
('15516', 'Paipa - Boyaca'),
('15518', 'Pajarito - Boyaca'),
('15522', 'Panqueba - Boyaca'),
('15531', 'Pauna - Boyaca'),
('15533', 'Paya - Boyaca'),
('15537', 'Paz De Rio - Boyaca'),
('15542', 'Pesca - Boyaca'),
('15550', 'Pisba - Boyaca'),
('15572', 'Puerto Boyaca - Boyaca'),
('15580', 'Quipama - Boyaca'),
('15599', 'Ramiriqui - Boyaca'),
('15600', 'Raquira - Boyaca'),
('15621', 'Rondon - Boyaca'),
('15632', 'Saboya - Boyaca'),
('15638', 'Sachica - Boyaca'),
('15646', 'Samaca - Boyaca'),
('15660', 'San Eduardo - Boyaca'),
('15664', 'San Jose De Pare - Boyaca'),
('15667', 'San Luis De Gaceno - Boyaca'),
('15673', 'San Mateo - Boyaca'),
('15676', 'San Miguel De Sema - Boyaca'),
('15681', 'San Pablo De Borbur - Boyaca'),
('15686', 'Santana - Boyaca'),
('15687', 'Belencito - Boyaca'),
('15690', 'Santa Maria - Boyaca'),
('15693', 'Santa Rosa De Viterbo - Boyaca'),
('15696', 'Santa Sofia - Boyaca'),
('15720', 'Sativanorte - Boyaca'),
('15723', 'Sativasur - Boyaca'),
('15740', 'Siachoque - Boyaca'),
('15753', 'Soata - Boyaca'),
('15755', 'Socota - Boyaca'),
('15757', 'Socha - Boyaca'),
('15759', 'Sogamoso - Boyaca'),
('15761', 'Somondoco - Boyaca'),
('15762', 'Sora - Boyaca'),
('15763', 'Sotaquira - Boyaca'),
('15764', 'Soraca - Boyaca'),
('15774', 'Susacon - Boyaca'),
('15776', 'Sutamarchan - Boyaca'),
('15778', 'Sutatenza - Boyaca'),
('15790', 'Tasco - Boyaca'),
('15798', 'Tenza - Boyaca'),
('15804', 'Tibana - Boyaca'),
('15806', 'Tibasosa - Boyaca'),
('15808', 'Tinjaca - Boyaca'),
('15810', 'Tipacoque - Boyaca'),
('15814', 'Toca - Boyaca'),
('15816', 'Togüi - Boyaca'),
('15820', 'Topaga - Boyaca'),
('15822', 'Tota - Boyaca'),
('15832', 'Tunungua - Boyaca'),
('15835', 'Turmeque - Boyaca'),
('15837', 'Tuta - Boyaca'),
('15839', 'Tutaza - Boyaca'),
('15842', 'umbita - Boyaca'),
('15861', 'Ventaquemada - Boyaca'),
('15879', 'Viracacha - Boyaca'),
('15897', 'Zetaquira - Boyaca'),
('17001', 'Manizales - Caldas'),
('17013', 'Aguadas - Caldas'),
('17042', 'Anserma - Caldas'),
('17050', 'Aranzazu - Caldas'),
('17088', 'Belalcazar - Caldas'),
('17174', 'Chinchina - Caldas'),
('17272', 'Filadelfia - Caldas'),
('17380', 'La Dorada - Caldas'),
('17388', 'La Merced - Caldas'),
('17433', 'Manzanares - Caldas'),
('17442', 'Marmato - Caldas'),
('17444', 'Marquetalia - Caldas'),
('17446', 'Marulanda - Caldas'),
('17486', 'Neira - Caldas'),
('17513', 'Pacora - Caldas'),
('17524', 'Palestina - Caldas'),
('17541', 'Pensilvania - Caldas'),
('17614', 'Riosucio - Caldas'),
('17616', 'Risaralda - Caldas'),
('17653', 'Salamina - Caldas'),
('17662', 'Samana - Caldas'),
('17777', 'Supia - Caldas'),
('17867', 'Victoria - Caldas'),
('17873', 'Villamaria - Caldas'),
('17877', 'Viterbo - Caldas'),
('17991', 'Arauca - Caldas'),
('17992', 'Bolivia - Caldas'),
('17993', 'Florencia - Caldas'),
('17994', 'Montebonito - Caldas'),
('17995', 'San Felix - Caldas'),
('17996', 'San Jose De Risaralda - Caldas'),
('17997', 'Norcasia - Caldas'),
('17998', 'Arboleda - Caldas'),
('18001', 'Florencia - Caqueta'),
('18029', 'Albania - Caqueta'),
('18094', 'Belen De Los Andaquies - Caqueta'),
('18150', 'Cartagena Del Chaira - Caqueta'),
('18205', 'Curillo - Caqueta'),
('18247', 'El Doncello - Caqueta'),
('18256', 'El Paujil - Caqueta'),
('18410', 'La Montanita - Caqueta'),
('18449', 'Maticuro - Caqueta'),
('18460', 'Milan - Caqueta'),
('18479', 'Morelia - Caqueta'),
('18592', 'Puerto Rico - Caqueta'),
('18610', 'San Jose Del Fragua - Caqueta'),
('18753', 'San Vicente Del Caguan - Caqueta'),
('18765', 'Solano - Caqueta'),
('18767', 'Solita - Caqueta'),
('18860', 'Valparaiso - Caqueta'),
('18991', 'Guacamayas - Caqueta'),
('19001', 'Popayan - Cauca'),
('19022', 'Almaguer - Cauca'),
('19050', 'Argelia - Cauca'),
('19075', 'Balboa - Cauca'),
('19100', 'Bolivar - Cauca'),
('19110', 'Buenos Aires - Cauca'),
('19130', 'Cajibio - Cauca'),
('19137', 'Caldono - Cauca'),
('19142', 'Caloto - Cauca'),
('19212', 'Corinto - Cauca'),
('19256', 'El Tambo - Cauca'),
('19290', 'Florencia - Cauca'),
('19318', 'Guapi - Cauca'),
('19355', 'Inza - Cauca'),
('19364', 'Jambalo - Cauca'),
('19392', 'La Sierra - Cauca'),
('19397', 'La Vega - Cauca'),
('19418', 'Lopez De Micay - Cauca'),
('19450', 'Mercaderes - Cauca'),
('19455', 'Miranda - Cauca'),
('19473', 'Morales - Cauca'),
('19513', 'Padilla - Cauca'),
('19517', 'Paez - Cauca'),
('19532', 'Patia - Cauca'),
('19533', 'Piamonte - Cauca'),
('19548', 'Piendamo – Tunia - Cauca'),
('19573', 'Puerto Tejada - Cauca'),
('19585', 'Purace - Cauca'),
('19622', 'Rosas - Cauca'),
('19693', 'San Sebastian - Cauca'),
('19698', 'Santander De Quilichao - Cauca'),
('19701', 'Santa Rosa - Cauca'),
('19720', 'Santander - Cauca'),
('19743', 'Silvia - Cauca'),
('19760', 'Sotara - Cauca'),
('19807', 'Timbio - Cauca'),
('19809', 'Timbiqui - Cauca'),
('19821', 'Toribio - Cauca'),
('19824', 'Totoro - Cauca'),
('19991', 'Siberia - Cauca'),
('19992', 'Suarez - Cauca'),
('20001', 'Valledupar - Cesar'),
('20011', 'Aguachica - Cesar'),
('20013', 'Agustin Codazzi - Cesar'),
('20032', 'Astrea - Cesar'),
('20045', 'Becerril - Cesar'),
('20060', 'Bosconia - Cesar'),
('20175', 'Chimichagua - Cesar'),
('20178', 'Chiriguana - Cesar'),
('20238', 'El Copey - Cesar'),
('20250', 'El Paso - Cesar'),
('20295', 'Gamarra - Cesar'),
('20310', 'Gonzalez - Cesar'),
('20383', 'La Gloria - Cesar'),
('20400', 'La Jagua De Ibirico - Cesar'),
('20443', 'Manaure Balcon Del Cesar - Cesar'),
('20517', 'Pailitas - Cesar'),
('20550', 'Pelaya - Cesar'),
('20558', 'Curumani - Cesar'),
('20614', 'Rio De Oro - Cesar'),
('20621', 'La Paz - Cesar'),
('20710', 'San Alberto - Cesar'),
('20750', 'San Diego - Cesar'),
('20770', 'San Martin - Cesar'),
('20787', 'Tamalameque - Cesar'),
('20991', 'Pueblo Bello - Cesar'),
('23001', 'Monteria - Cordoba'),
('23068', 'Ayapel - Cordoba'),
('23079', 'Buenavista - Cordoba'),
('23090', 'Canalete - Cordoba'),
('23162', 'Cerete - Cordoba'),
('23168', 'Chima - Cordoba'),
('23182', 'Chinu - Cordoba'),
('23189', 'Cienaga De Oro - Cordoba'),
('23300', 'Cotorra - Cordoba'),
('23350', 'La Apartada - Cordoba'),
('23417', 'Lorica - Cordoba'),
('23419', 'Los Cordobas - Cordoba'),
('23464', 'Momil - Cordoba'),
('23466', 'Montelibano - Cordoba'),
('23500', 'Monitos - Cordoba'),
('23555', 'Planeta Rica - Cordoba'),
('23570', 'Pueblo Nuevo - Cordoba'),
('23574', 'Puerto Escondido - Cordoba'),
('23580', 'Puerto Libertador - Cordoba'),
('23586', 'Purisima De La Concepcion - Cordoba'),
('23660', 'Sahagun - Cordoba'),
('23670', 'San Andres De Sotavento - Cordoba'),
('23672', 'San Antero - Cordoba'),
('23675', 'San Bernardo Del Viento - Cordoba'),
('23678', 'San Carlos - Cordoba'),
('23686', 'San Pelayo - Cordoba'),
('23807', 'Tierralta - Cordoba'),
('23815', 'Tuchin - Cordoba'),
('23855', 'Valencia - Cordoba'),
('23991', 'Cerromatoso - Cordoba'),
('25001', 'Agua De Dios - Cundinamarca'),
('25019', 'Alban - Cundinamarca'),
('25035', 'Anapoima - Cundinamarca'),
('25040', 'Anolaima - Cundinamarca'),
('25053', 'Arbelaez - Cundinamarca'),
('25086', 'Beltran - Cundinamarca'),
('25095', 'Bituima - Cundinamarca'),
('25099', 'Bojaca - Cundinamarca'),
('25120', 'Cabrera - Cundinamarca'),
('25123', 'Cachipay - Cundinamarca'),
('25126', 'Cajica - Cundinamarca'),
('25148', 'Caparrapi - Cundinamarca'),
('25151', 'Caqueza - Cundinamarca'),
('25154', 'Carmen De Carupa - Cundinamarca'),
('25168', 'Chaguani - Cundinamarca'),
('25175', 'Chia - Cundinamarca'),
('25178', 'Chipaque - Cundinamarca'),
('25181', 'Choachi - Cundinamarca'),
('25183', 'Choconta - Cundinamarca'),
('25200', 'Cogua - Cundinamarca'),
('25214', 'Cota - Cundinamarca'),
('25224', 'Cucunuba - Cundinamarca'),
('25245', 'El Colegio - Cundinamarca'),
('25258', 'El Penon - Cundinamarca'),
('25269', 'Facatativa - Cundinamarca'),
('25279', 'Fomeque - Cundinamarca'),
('25281', 'Fosca - Cundinamarca'),
('25286', 'Funza - Cundinamarca'),
('25288', 'Fuquene - Cundinamarca'),
('25290', 'Fusagasuga - Cundinamarca'),
('25293', 'Gachala - Cundinamarca'),
('25295', 'Gachancipa - Cundinamarca'),
('25297', 'Gacheta - Cundinamarca'),
('25299', 'Gama - Cundinamarca'),
('25307', 'Girardot - Cundinamarca'),
('25312', 'Granada - Cundinamarca'),
('25317', 'Guacheta - Cundinamarca'),
('25320', 'Guaduas - Cundinamarca'),
('25322', 'Guasca - Cundinamarca'),
('25324', 'Guataqui - Cundinamarca'),
('25326', 'Guatavita - Cundinamarca'),
('25328', 'Guayabal De Siquima - Cundinamarca'),
('25335', 'Guayabetal - Cundinamarca'),
('25339', 'Gutierrez - Cundinamarca'),
('25368', 'Jerusalen - Cundinamarca'),
('25372', 'Junin - Cundinamarca'),
('25377', 'La Calera - Cundinamarca'),
('25386', 'La Mesa - Cundinamarca'),
('25394', 'La Palma - Cundinamarca'),
('25398', 'La Pena - Cundinamarca'),
('25402', 'La Vega - Cundinamarca'),
('25407', 'Lenguazaque - Cundinamarca'),
('25426', 'Macheta - Cundinamarca'),
('25430', 'Madrid - Cundinamarca'),
('25436', 'Manta - Cundinamarca'),
('25438', 'Medina - Cundinamarca'),
('25473', 'Mosquera - Cundinamarca'),
('25483', 'Narino - Cundinamarca'),
('25486', 'Nemocon - Cundinamarca'),
('25488', 'Nilo - Cundinamarca'),
('25489', 'Nimaima - Cundinamarca'),
('25491', 'Nocaima - Cundinamarca'),
('25506', 'Venecia - Cundinamarca'),
('25513', 'Pacho - Cundinamarca'),
('25518', 'Paime - Cundinamarca'),
('25524', 'Pandi - Cundinamarca'),
('25530', 'Paratebueno - Cundinamarca'),
('25535', 'Pasca - Cundinamarca'),
('25572', 'Puerto Salgar - Cundinamarca'),
('25580', 'Puli - Cundinamarca'),
('25592', 'Quebradanegra - Cundinamarca'),
('25594', 'Quetame - Cundinamarca'),
('25596', 'Quipile - Cundinamarca'),
('25599', 'Apulo - Cundinamarca'),
('25612', 'Ricaurte - Cundinamarca'),
('25645', 'Tequendama - Cundinamarca'),
('25649', 'San Bernardo - Cundinamarca'),
('25653', 'San Cayetano - Cundinamarca'),
('25658', 'San Francisco - Cundinamarca'),
('25662', 'San Juan De Rioseco - Cundinamarca'),
('25718', 'Sasaima - Cundinamarca'),
('25736', 'Sesquile - Cundinamarca'),
('25740', 'Sibate - Cundinamarca'),
('25743', 'Silvania - Cundinamarca'),
('25745', 'Simijaca - Cundinamarca'),
('25754', 'Soacha - Cundinamarca'),
('25758', 'Sopo - Cundinamarca'),
('25769', 'Subachoque - Cundinamarca'),
('25772', 'Suesca - Cundinamarca'),
('25777', 'Supata - Cundinamarca'),
('25779', 'Susa - Cundinamarca'),
('25781', 'Sutatausa - Cundinamarca'),
('25785', 'Tabio - Cundinamarca'),
('25793', 'Tausa - Cundinamarca'),
('25797', 'Tena - Cundinamarca'),
('25799', 'Tenjo - Cundinamarca'),
('25805', 'Tibacuy - Cundinamarca'),
('25807', 'Tibirita - Cundinamarca'),
('25815', 'Tocaima - Cundinamarca'),
('25817', 'Tocancipa - Cundinamarca'),
('25823', 'Topaipi - Cundinamarca'),
('25839', 'Ubala - Cundinamarca'),
('25841', 'Ubaque - Cundinamarca'),
('25843', 'Villa De San Diego De Ubate - Cundinamarca'),
('25845', 'Une - Cundinamarca'),
('25851', 'utica - Cundinamarca'),
('25862', 'Vergara - Cundinamarca'),
('25867', 'Viani - Cundinamarca'),
('25871', 'Villagomez - Cundinamarca'),
('25873', 'Villapinzon - Cundinamarca'),
('25875', 'Villeta - Cundinamarca'),
('25878', 'Viota - Cundinamarca'),
('25885', 'Yacopi - Cundinamarca'),
('25896', 'Zipacon - Cundinamarca'),
('25899', 'Zipaquira - Cundinamarca'),
('25992', 'Cumaca - Cundinamarca'),
('27001', 'Quibdo - Choco'),
('27006', 'Acandi - Choco'),
('27025', 'Alto Baudo - Choco'),
('27050', 'Atrato - Choco'),
('27073', 'Bagado - Choco'),
('27075', 'Bahia Solano - Choco'),
('27077', 'Bajo Baudo - Choco'),
('27082', 'Bajo San Juan - Choco'),
('27099', 'Bojaya - Choco'),
('27135', 'El Canton Del San Pablo - Choco'),
('27205', 'Condoto - Choco'),
('27245', 'El Carmen De Atrato - Choco'),
('27250', 'El Litoral Del San Juan - Choco'),
('27361', 'Istmina - Choco'),
('27372', 'Jurado - Choco'),
('27413', 'Lloro - Choco'),
('27491', 'Novita - Choco'),
('27495', 'Nuqui - Choco'),
('27615', 'Riosucio - Choco'),
('27660', 'San Jose Del Palmar - Choco'),
('27745', 'Sipi - Choco'),
('27787', 'Tado - Choco'),
('27800', 'Unguia - Choco'),
('41001', 'Neiva - Huila'),
('41006', 'Acevedo - Huila'),
('41013', 'Agrado - Huila'),
('41016', 'Aipe - Huila'),
('41020', 'Algeciras - Huila'),
('41026', 'Altamira - Huila'),
('41078', 'Baraya - Huila'),
('41132', 'Campoalegre - Huila'),
('41206', 'Colombia - Huila'),
('41244', 'Elias - Huila'),
('41298', 'Garzon - Huila'),
('41306', 'Gigante - Huila'),
('41319', 'Guadalupe - Huila'),
('41349', 'Hobo - Huila'),
('41357', 'iquira - Huila'),
('41359', 'Isnos - Huila'),
('41378', 'La Argentina - Huila'),
('41396', 'La Plata - Huila'),
('41483', 'Nataga - Huila'),
('41503', 'Oporapa - Huila'),
('41518', 'Paicol - Huila'),
('41524', 'Palermo - Huila'),
('41530', 'Palestina - Huila'),
('41548', 'Pital - Huila'),
('41551', 'Pitalito - Huila'),
('41615', 'Rivera - Huila'),
('41660', 'Saladoblanco - Huila'),
('41668', 'San Agustin - Huila'),
('41676', 'Santa Maria - Huila'),
('41770', 'Suaza - Huila'),
('41791', 'Tarqui - Huila'),
('41797', 'Tesalia - Huila'),
('41799', 'Tello - Huila'),
('41801', 'Teruel - Huila'),
('41807', 'Timana - Huila'),
('41872', 'Villavieja - Huila'),
('41885', 'Yaguara - Huila'),
('41991', 'Vega Larga - Huila'),
('44001', 'Riohacha - La Guajira'),
('44035', 'Albania - La Guajira'),
('44078', 'Barrancas - La Guajira'),
('44090', 'Dibulla - La Guajira'),
('44098', 'Distraccion - La Guajira'),
('44110', 'El Molino - La Guajira'),
('44279', 'Fonseca - La Guajira'),
('44378', 'Hatonuevo - La Guajira'),
('44430', 'Maicao - La Guajira'),
('44560', 'Manaure - La Guajira'),
('44650', 'San Juan Del Cesar - La Guajira'),
('44847', 'Uribia - La Guajira'),
('44855', 'Urumita - La Guajira'),
('44874', 'Villanueva - La Guajira'),
('44991', 'Puerto Bolivar - La Guajira'),
('47001', 'Santa Marta - Magdalena'),
('47053', 'Aracataca - Magdalena'),
('47058', 'Ariguani - Magdalena'),
('47161', 'Cerro De San Antonio - Magdalena'),
('47170', 'Chivolo - Magdalena'),
('47189', 'Cienaga - Magdalena'),
('47245', 'El Banco - Magdalena'),
('47258', 'El Pinon - Magdalena'),
('47268', 'El Reten - Magdalena'),
('47288', 'Fundacion - Magdalena'),
('47318', 'Guamal - Magdalena'),
('47541', 'Pedraza - Magdalena'),
('47545', 'Pijino Del Carmen - Magdalena'),
('47551', 'Pivijay - Magdalena'),
('47555', 'Plato - Magdalena'),
('47570', 'Puebloviejo - Magdalena'),
('47605', 'Remolino - Magdalena'),
('47675', 'Salamina - Magdalena'),
('47692', 'San Sebastian De Buenavista - Magdalena'),
('47703', 'San Zenon - Magdalena'),
('47707', 'Santa Ana - Magdalena'),
('47745', 'Sitionuevo - Magdalena'),
('47798', 'Tenerife - Magdalena'),
('47980', 'Zona Bananera - Magdalena'),
('50001', 'Villavicencio - Meta'),
('50006', 'Acacias - Meta'),
('5001', 'Medellin - Antioquia'),
('5002', 'Abejorral - Antioquia'),
('5004', 'Abriaqui - Antioquia'),
('50110', 'Barranca De Upia - Meta'),
('50124', 'Cabuyaro - Meta'),
('50150', 'Castilla La Nueva - Meta'),
('5021', 'Alejandria - Antioquia'),
('50223', 'Cubarral - Meta'),
('50226', 'Cumaral - Meta'),
('50245', 'El Calvario - Meta'),
('50251', 'El Castillo - Meta'),
('50270', 'El Dorado - Meta'),
('50287', 'Fuentedeoro - Meta'),
('5030', 'Amaga - Antioquia'),
('5031', 'Amalfi - Antioquia'),
('50313', 'Granada - Meta'),
('50318', 'Guamal - Meta'),
('50325', 'Mapiripan - Meta'),
('50330', 'Mesetas - Meta'),
('5034', 'Andes - Antioquia'),
('50350', 'La Macarena - Meta'),
('5036', 'Angelopolis - Antioquia'),
('50370', 'Uribe - Meta'),
('5038', 'Angostura - Antioquia'),
('5040', 'Anori - Antioquia'),
('50400', 'Lejanias - Meta'),
('5042', 'Santa Fe De Antioquia - Antioquia'),
('50438', 'Medina - Meta'),
('5044', 'Anza - Antioquia'),
('5045', 'Apartado - Antioquia'),
('50450', 'Puerto Concordia - Meta'),
('5051', 'Arboletes - Antioquia'),
('5055', 'Argelia - Antioquia'),
('50568', 'Puerto Gaitan - Meta'),
('50573', 'Puerto Lopez - Meta'),
('50577', 'Puerto Lleras - Meta'),
('5059', 'Armenia - Antioquia'),
('50590', 'Puerto Rico - Meta'),
('50606', 'Restrepo - Meta'),
('50680', 'San Carlos De Guaroa - Meta'),
('50683', 'San Juan De Arama - Meta'),
('50686', 'San Juanito - Meta'),
('50689', 'San Martin - Meta'),
('50711', 'Vistahermosa - Meta'),
('5079', 'Barbosa - Antioquia'),
('5086', 'Belmira - Antioquia'),
('5088', 'Bello - Antioquia'),
('5091', 'Betania - Antioquia'),
('5093', 'Betulia - Antioquia'),
('50991', 'Medellin Del Ariari - Meta'),
('5101', 'Ciudad Bolivar - Antioquia'),
('5107', 'Briceno - Antioquia'),
('5113', 'Buritica - Antioquia'),
('5120', 'Caceres - Antioquia'),
('5121', 'El Jardin - Antioquia'),
('5122', 'Guarumo - Antioquia'),
('5125', 'Caicedo - Antioquia'),
('5129', 'Caldas - Antioquia'),
('5134', 'Campamento - Antioquia'),
('5138', 'Canasgordas - Antioquia'),
('5142', 'Caracoli - Antioquia'),
('5145', 'Caramanta - Antioquia'),
('5147', 'Carepa - Antioquia'),
('5148', 'El Carmen De Viboral - Antioquia'),
('5150', 'Carolina - Antioquia'),
('5154', 'Caucasia - Antioquia'),
('5172', 'Chigorodo - Antioquia'),
('5190', 'Cisneros - Antioquia'),
('5197', 'Cocorna - Antioquia'),
('52001', 'Pasto - Narino'),
('52019', 'Alban - Narino'),
('52022', 'Aldana - Narino'),
('52036', 'Ancuya - Narino'),
('52051', 'Arboleda - Narino'),
('5206', 'Concepcion - Antioquia'),
('52079', 'Barbacoas - Narino'),
('52083', 'Belen - Narino'),
('5209', 'Concordia - Antioquia'),
('52110', 'Buesaco - Narino'),
('5212', 'Copacabana - Antioquia'),
('52203', 'Colon - Narino'),
('52207', 'Consaca - Narino'),
('52210', 'Contadero - Narino'),
('52215', 'Cordoba - Narino'),
('52224', 'Cuaspud - Narino'),
('52227', 'Cumbal - Narino'),
('52233', 'Cumbitara - Narino'),
('52240', 'Chachagüi - Narino'),
('52250', 'El Charco - Narino'),
('52256', 'El Rosario - Narino'),
('52258', 'El Tablon De Gomez - Narino'),
('52260', 'El Tambo - Narino'),
('52287', 'Funes - Narino'),
('52317', 'Guachucal - Narino'),
('52320', 'Guaitarilla - Narino'),
('52323', 'Gualmatan - Narino'),
('5234', 'Dabeiba - Antioquia'),
('52352', 'Iles - Narino'),
('52354', 'Imues - Narino'),
('52356', 'Ipiales - Narino'),
('5237', 'Donmatias - Antioquia'),
('52378', 'La Cruz - Narino'),
('52381', 'La Florida - Narino'),
('52385', 'La Llanada - Narino'),
('52390', 'La Tola - Narino'),
('52399', 'La Union - Narino'),
('5240', 'Ebejico - Antioquia'),
('52405', 'Leiva - Narino'),
('52411', 'Linares - Narino'),
('52418', 'Los Andes - Narino'),
('52427', 'Magüi - Narino'),
('52435', 'Mallama - Narino'),
('52473', 'Mosquera - Narino'),
('52490', 'Olaya Herrera - Narino'),
('5250', 'El Bagre - Antioquia'),
('52506', 'Ospina - Narino'),
('52520', 'Francisco Pizarro - Narino'),
('52540', 'Policarpa - Narino'),
('52560', 'Potosi - Narino'),
('52565', 'Providencia - Narino'),
('52573', 'Puerres - Narino'),
('52585', 'Pupiales - Narino'),
('52612', 'Ricaurte - Narino'),
('52621', 'Roberto Payan - Narino'),
('5264', 'Entrerrios - Antioquia'),
('5266', 'Envigado - Antioquia'),
('52678', 'Samaniego - Narino'),
('52683', 'Sandona - Narino'),
('52685', 'San Bernardo - Narino'),
('52687', 'San Lorenzo - Narino'),
('52693', 'San Pablo - Narino'),
('52694', 'San Pedro De Cartago - Narino'),
('52696', 'Santa Barbara - Narino'),
('52699', 'Santacruz - Narino'),
('52720', 'Sapuyes - Narino'),
('52786', 'Taminango - Narino'),
('52788', 'Tangua - Narino'),
('5282', 'Fredonia - Antioquia'),
('52835', 'Tumaco - Narino'),
('52838', 'Tuquerres - Narino'),
('5284', 'Frontino - Antioquia'),
('52885', 'Yacuanquer - Narino'),
('5306', 'Giraldo - Antioquia'),
('5308', 'Girardota - Antioquia'),
('5310', 'Gomez Plata - Antioquia'),
('5313', 'Granada - Antioquia'),
('5315', 'Guadalupe - Antioquia'),
('5318', 'Guarne - Antioquia'),
('5321', 'Guatape - Antioquia'),
('5347', 'Heliconia - Antioquia'),
('5353', 'Hispania - Antioquia'),
('5360', 'Itagüi - Antioquia'),
('5361', 'Ituango - Antioquia'),
('5364', 'Jardin - Antioquia'),
('5368', 'Jerico - Antioquia'),
('5376', 'La Ceja - Antioquia'),
('5380', 'La Estrella - Antioquia'),
('5400', 'La Union - Antioquia'),
('54001', 'Cucuta - Norte de Santander'),
('54003', 'abrego - Norte de Santander'),
('54051', 'Arboledas - Norte de Santander'),
('54099', 'Bochalema - Norte de Santander'),
('54109', 'Bucarasica - Norte de Santander'),
('5411', 'Liborina - Antioquia'),
('54125', 'Cacota - Norte de Santander'),
('54128', 'Cachira - Norte de Santander'),
('54172', 'Chinacota - Norte de Santander'),
('54174', 'Chitaga - Norte de Santander'),
('54206', 'Convencion - Norte de Santander'),
('54223', 'Cucutilla - Norte de Santander'),
('54239', 'Durania - Norte de Santander'),
('54245', 'El Carmen - Norte de Santander'),
('5425', 'Maceo - Antioquia'),
('54250', 'El Tarra - Norte de Santander'),
('54261', 'El Zulia - Norte de Santander'),
('54313', 'Gramalote - Norte de Santander'),
('54344', 'Hacari - Norte de Santander'),
('54347', 'Herran - Norte de Santander'),
('54377', 'Labateca - Norte de Santander'),
('54385', 'La Esperanza - Norte de Santander'),
('54398', 'La Playa - Norte de Santander'),
('5440', 'Marinilla - Antioquia'),
('54405', 'Los Patios - Norte de Santander'),
('54418', 'Lourdes - Norte de Santander'),
('54480', 'Mutiscua - Norte de Santander'),
('54498', 'Ocana - Norte de Santander'),
('54518', 'Pamplona - Norte de Santander'),
('54520', 'Pamplonita - Norte de Santander'),
('54553', 'Puerto Santander - Norte de Santander'),
('54599', 'Ragonvalia - Norte de Santander'),
('54660', 'Salazar - Norte de Santander'),
('5467', 'Montebello - Antioquia'),
('54670', 'San Calixto - Norte de Santander'),
('54673', 'San Cayetano - Norte de Santander'),
('54680', 'Santiago - Norte de Santander'),
('54720', 'Sardinata - Norte de Santander'),
('54743', 'Silos - Norte de Santander'),
('5475', 'Murindo - Antioquia'),
('5480', 'Mutata - Antioquia'),
('54800', 'Teorama - Norte de Santander'),
('54810', 'Tibu - Norte de Santander'),
('54820', 'Toledo - Norte de Santander'),
('5483', 'Narino - Antioquia'),
('54871', 'Villa Caro - Norte de Santander'),
('54874', 'Villa Del Rosario - Norte de Santander'),
('5490', 'Necocli - Antioquia'),
('5495', 'Nechi - Antioquia'),
('54991', 'Gibraltar - Norte de Santander'),
('54992', 'La Gabarra - Norte de Santander'),
('54993', 'La Vega - Norte de Santander'),
('54994', 'Las Mercdedes - Norte de Santander'),
('5501', 'Olaya - Antioquia'),
('5541', 'Penol - Antioquia'),
('5543', 'Peque - Antioquia'),
('5576', 'Pueblorrico - Antioquia'),
('5579', 'Puerto Berrio - Antioquia'),
('5585', 'Puerto Nare - Antioquia'),
('5591', 'Puerto Triunfo - Antioquia'),
('5604', 'Remedios - Antioquia'),
('5607', 'Retiro - Antioquia'),
('5615', 'Rionegro - Antioquia'),
('5628', 'Sabanalarga - Antioquia'),
('5631', 'Sabaneta - Antioquia'),
('5642', 'Salgar - Antioquia'),
('5647', 'San Andres De Cuerquia - Antioquia'),
('5649', 'San Carlos - Antioquia'),
('5652', 'San Francisco - Antioquia'),
('5656', 'San Jeronimo - Antioquia'),
('5658', 'San Jose De La Montana - Antioquia'),
('5659', 'San Juan De Uraba - Antioquia'),
('5660', 'San Luis - Antioquia'),
('5664', 'San Pedro De Los Milagros - Antioquia'),
('5665', 'San Pedro De Uraba - Antioquia'),
('5667', 'San Rafael - Antioquia'),
('5670', 'San Roque - Antioquia'),
('5674', 'San Vicente Ferrer - Antioquia'),
('5679', 'Santa Barbara - Antioquia'),
('5686', 'Santa Rosa De Osos - Antioquia'),
('5690', 'Santo Domingo - Antioquia'),
('5697', 'El Santuario - Antioquia'),
('5736', 'Segovia - Antioquia'),
('5756', 'Sonson - Antioquia'),
('5761', 'Sopetran - Antioquia'),
('5789', 'Tamesis - Antioquia'),
('5790', 'Taraza - Antioquia'),
('5792', 'Tarso - Antioquia'),
('5809', 'Titiribi - Antioquia'),
('5819', 'Toledo - Antioquia'),
('5837', 'Turbo - Antioquia'),
('5842', 'Uramita - Antioquia'),
('5847', 'Urrao - Antioquia'),
('5854', 'Valdivia - Antioquia'),
('5856', 'Valparaiso - Antioquia'),
('5858', 'Vegachi - Antioquia'),
('5861', 'Venecia - Antioquia'),
('5873', 'Vigia Del Fuerte - Antioquia'),
('5885', 'Yali - Antioquia'),
('5887', 'Yarumal - Antioquia'),
('5890', 'Yolombo - Antioquia'),
('5893', 'Yondo - Antioquia'),
('5895', 'Zaragoza - Antioquia'),
('5991', 'Altamira - Antioquia'),
('5992', 'San Cristobal - Antioquia'),
('63001', 'Armenia - Quindio'),
('63111', 'Buenavista - Quindio'),
('63130', 'Calarca - Quindio'),
('63190', 'Circasia - Quindio'),
('63212', 'Cordoba - Quindio'),
('63272', 'Filandia - Quindio'),
('63302', 'Genova - Quindio'),
('63401', 'La Tebaida - Quindio'),
('63470', 'Montenegro - Quindio'),
('63548', 'Pijao - Quindio'),
('63594', 'Quimbaya - Quindio'),
('63690', 'Salento - Quindio'),
('66001', 'Pereira - Risaralda'),
('66045', 'Apia - Risaralda'),
('66075', 'Balboa - Risaralda'),
('66088', 'Belen De Umbria - Risaralda'),
('66170', 'Dosquebradas - Risaralda'),
('66318', 'Guatica - Risaralda'),
('66383', 'La Celia - Risaralda'),
('66400', 'La Virginia - Risaralda'),
('66440', 'Marsella - Risaralda'),
('66456', 'Mistrato - Risaralda'),
('66572', 'Pueblo Rico - Risaralda'),
('66594', 'Quinchia - Risaralda'),
('66682', 'Santa Rosa De Cabal - Risaralda'),
('66687', 'Santuario - Risaralda'),
('68001', 'Bucaramanga - Santander'),
('68013', 'Aguada - Santander'),
('68020', 'Albania - Santander'),
('68051', 'Aratoca - Santander'),
('68077', 'Barbosa - Santander'),
('68079', 'Barichara - Santander'),
('68081', 'Barrancabermeja - Santander'),
('68092', 'Betulia - Santander'),
('68101', 'Bolivar - Santander'),
('68121', 'Cabrera - Santander'),
('68132', 'California - Santander'),
('68147', 'Capitanejo - Santander'),
('68152', 'Carcasi - Santander'),
('68160', 'Cepita - Santander'),
('68162', 'Cerrito - Santander'),
('68167', 'Charala - Santander'),
('68169', 'Charta - Santander'),
('68176', 'Chima - Santander'),
('68179', 'Chipata - Santander'),
('68190', 'Cimitarra - Santander'),
('68207', 'Concepcion - Santander'),
('68209', 'Confines - Santander'),
('68211', 'Contratacion - Santander'),
('68217', 'Coromoro - Santander'),
('68229', 'Curiti - Santander'),
('68235', 'El Carmen De Chucuri - Santander'),
('68245', 'El Guacamayo - Santander'),
('68250', 'El Penon - Santander'),
('68255', 'El Playon - Santander'),
('68264', 'Encino - Santander'),
('68266', 'Enciso - Santander'),
('68271', 'Florian - Santander'),
('68276', 'Floridablanca - Santander'),
('68296', 'Galan - Santander'),
('68298', 'Gambita - Santander'),
('68307', 'Giron - Santander'),
('68318', 'Guaca - Santander'),
('68320', 'Guadalupe - Santander'),
('68322', 'Guapota - Santander'),
('68324', 'Guavata - Santander'),
('68327', 'Güepsa - Santander'),
('68344', 'Hato - Santander'),
('68368', 'Jesus Maria - Santander'),
('68370', 'Jordan - Santander'),
('68377', 'La Belleza - Santander'),
('68385', 'Landazuri - Santander'),
('68397', 'La Paz - Santander'),
('68406', 'Lebrija - Santander'),
('68418', 'Los Santos - Santander'),
('68425', 'Macaravita - Santander'),
('68432', 'Malaga - Santander'),
('68444', 'Matanza - Santander'),
('68464', 'Mogotes - Santander'),
('68468', 'Molagavita - Santander'),
('68498', 'Ocamonte - Santander'),
('68500', 'Oiba - Santander'),
('68502', 'Onzaga - Santander'),
('68522', 'Palmar - Santander'),
('68524', 'Palmas Del Socorro - Santander'),
('68533', 'Paramo - Santander'),
('68547', 'Piedecuesta - Santander'),
('68549', 'Pinchote - Santander'),
('68572', 'Puente Nacional - Santander'),
('68573', 'Puerto Parra - Santander'),
('68575', 'Puerto Wilches - Santander'),
('68615', 'Rionegro - Santander'),
('68655', 'Sabana De Torres - Santander'),
('68669', 'San Andres - Santander'),
('68673', 'San Benito - Santander'),
('68679', 'San Gil - Santander'),
('68682', 'San Joaquin - Santander'),
('68684', 'San Jose De Miranda - Santander'),
('68686', 'San Miguel - Santander'),
('68689', 'San Vicente De Chucuri - Santander'),
('68705', 'Santa Barbara - Santander'),
('68720', 'Santa Helena Del Opon - Santander'),
('68745', 'Simacota - Santander'),
('68755', 'Socorro - Santander'),
('68770', 'Suaita - Santander'),
('68773', 'Sucre - Santander'),
('68780', 'Surata - Santander'),
('68820', 'Tona - Santander'),
('68855', 'Valle De San Jose - Santander'),
('68861', 'Velez - Santander'),
('68867', 'Vetas - Santander'),
('68872', 'Villanueva - Santander'),
('68895', 'Zapatoca - Santander'),
('68991', 'San Francisco - Santander'),
('68992', 'El Centro - Santander'),
('68993', 'San Jose De S. - Santander'),
('70001', 'Sincelejo - Sucre'),
('70110', 'Buenavista - Sucre'),
('70124', 'Caimito - Sucre'),
('70204', 'Coloso - Sucre'),
('70215', 'Corozal - Sucre'),
('70221', 'Covenas - Sucre'),
('70230', 'Chalan - Sucre'),
('70233', 'El Roble - Sucre'),
('70235', 'Galeras - Sucre'),
('70265', 'Guaranda - Sucre'),
('70400', 'La Union - Sucre'),
('70418', 'Los Palmitos - Sucre'),
('70429', 'Majagual - Sucre'),
('70473', 'Morroa - Sucre'),
('70508', 'Ovejas - Sucre'),
('70523', 'Palmito - Sucre'),
('70670', 'Sampues - Sucre'),
('70678', 'San Benito Abad - Sucre'),
('70702', 'San Juan De Betulia - Sucre'),
('70708', 'San Marcos - Sucre'),
('70713', 'San Onofre - Sucre'),
('70717', 'San Pedro - Sucre'),
('70742', 'San Luis De Since - Sucre'),
('70771', 'Sucre - Sucre'),
('70820', 'Santiago De Tolu - Sucre'),
('70823', 'Tolu Viejo - Sucre'),
('73001', 'Ibague - Tolima'),
('73024', 'Alpujarra - Tolima'),
('73026', 'Alvarado - Tolima'),
('73030', 'Ambalema - Tolima'),
('73043', 'Anzoategui - Tolima'),
('73055', 'Armero - Tolima'),
('73067', 'Ataco - Tolima'),
('73124', 'Cajamarca - Tolima'),
('73148', 'Carmen De Apicala - Tolima'),
('73152', 'Casabianca - Tolima'),
('73168', 'Chaparral - Tolima'),
('73200', 'Coello - Tolima'),
('73217', 'Coyaima - Tolima'),
('73268', 'Espinal - Tolima'),
('73270', 'Falan - Tolima'),
('73275', 'Flandes - Tolima'),
('73283', 'Fresno - Tolima'),
('73319', 'Guamo - Tolima'),
('73347', 'Herveo - Tolima'),
('73349', 'Honda - Tolima'),
('73352', 'Icononzo - Tolima'),
('73408', 'Lerida - Tolima'),
('73411', 'Libano - Tolima'),
('73443', 'San Sebastian De Mariquita - Tolima'),
('73449', 'Melgar - Tolima'),
('73461', 'Murillo - Tolima'),
('73483', 'Natagaima - Tolima'),
('73504', 'Ortega - Tolima'),
('73547', 'Piedras - Tolima'),
('73555', 'Planadas - Tolima'),
('73563', 'Prado - Tolima'),
('73585', 'Purificacion - Tolima'),
('73616', 'Rioblanco - Tolima'),
('73622', 'Roncesvalles - Tolima'),
('73624', 'Rovira - Tolima'),
('73671', 'Saldana - Tolima'),
('73675', 'San Antonio - Tolima'),
('73678', 'San Luis - Tolima'),
('73686', 'Santa Isabel - Tolima'),
('73726', 'Cunday - Tolima'),
('73736', 'Dolores - Tolima'),
('73770', 'Suarez - Tolima'),
('73854', 'Valle De San Juan - Tolima'),
('73861', 'Venadillo - Tolima'),
('73870', 'Villahermosa - Tolima'),
('73873', 'Villarrica - Tolima'),
('73989', 'Chicoral - Tolima'),
('73990', 'Junin - Tolima'),
('73991', 'Cadiz - Tolima'),
('73993', 'Herrera - Tolima'),
('73994', 'Palo Cabildo - Tolima'),
('73995', 'Gaitana - Tolima'),
('73996', 'Playarica - Tolima'),
('73997', 'Santiago Perez - Tolima'),
('73998', 'Santa Teresa - Tolima'),
('73999', 'Tres Esquinas - Tolima'),
('76001', 'Cali - Valle del Cauca'),
('76020', 'Alcala - Valle del Cauca'),
('76036', 'Andalucia - Valle del Cauca'),
('76041', 'Ansermanuevo - Valle del Cauca'),
('76054', 'Argelia - Valle del Cauca'),
('76100', 'Bolivar - Valle del Cauca'),
('76109', 'Buenaventura - Valle del Cauca'),
('76111', 'Guadalajara De Buga - Valle del Cauca'),
('76113', 'Bugalagrande - Valle del Cauca'),
('76122', 'Caicedonia - Valle del Cauca'),
('76126', 'Calima - Valle del Cauca'),
('76130', 'Candelaria - Valle del Cauca'),
('76147', 'Cartago - Valle del Cauca'),
('76233', 'Dagua - Valle del Cauca'),
('76243', 'El aguila - Valle del Cauca'),
('76246', 'El Cairo - Valle del Cauca'),
('76248', 'El Cerrito - Valle del Cauca'),
('76250', 'El Dovio - Valle del Cauca'),
('76275', 'Florida - Valle del Cauca'),
('76306', 'Ginebra - Valle del Cauca'),
('76318', 'Guacari - Valle del Cauca'),
('76364', 'Jamundi - Valle del Cauca'),
('76377', 'La Cumbre - Valle del Cauca'),
('76400', 'La Union - Valle del Cauca'),
('76403', 'La Victoria - Valle del Cauca'),
('76497', 'Obando - Valle del Cauca'),
('76520', 'Palmira - Valle del Cauca'),
('76563', 'Pradera - Valle del Cauca'),
('76606', 'Restrepo - Valle del Cauca'),
('76616', 'Riofrio - Valle del Cauca'),
('76622', 'Roldanillo - Valle del Cauca'),
('76670', 'San Pedro - Valle del Cauca'),
('76736', 'Sevilla - Valle del Cauca'),
('76823', 'Toro - Valle del Cauca'),
('76828', 'Trujillo - Valle del Cauca'),
('76834', 'Tulua - Valle del Cauca'),
('76845', 'Ulloa - Valle del Cauca'),
('76863', 'Versalles - Valle del Cauca'),
('76869', 'Vijes - Valle del Cauca'),
('76890', 'Yotoco - Valle del Cauca'),
('76892', 'Yumbo - Valle del Cauca'),
('76895', 'Zarzal - Valle del Cauca'),
('8000', 'Corr Juan Mina - Atlantico'),
('8001', 'Barranquilla - Atlantico'),
('8078', 'Baranoa - Atlantico'),
('81001', 'Arauca - Arauca'),
('81065', 'Arauquita - Arauca'),
('81220', 'Cravo Norte - Arauca'),
('81300', 'Fortul - Arauca'),
('8137', 'Campo De La Cruz - Atlantico'),
('8141', 'Candelaria - Atlantico'),
('81736', 'Saravena - Arauca'),
('81794', 'Tame - Arauca'),
('8296', 'Galapa - Atlantico'),
('8372', 'Juan De Acosta - Atlantico'),
('8421', 'Luruaco - Atlantico'),
('8433', 'Malambo - Atlantico'),
('8436', 'Manati - Atlantico'),
('85001', 'Yopal - Casanare'),
('85010', 'Aguazul - Casanare'),
('85015', 'Chameza - Casanare'),
('85125', 'Hato Corozal - Casanare'),
('85136', 'La Salina - Casanare'),
('85139', 'Mani - Casanare'),
('85162', 'Monterrey - Casanare'),
('8520', 'Palmar De Varela - Atlantico'),
('85225', 'Nunchia - Casanare'),
('85230', 'Orocue - Casanare'),
('85250', 'Paz De Ariporo - Casanare'),
('85263', 'Pore - Casanare'),
('85279', 'Recetor - Casanare'),
('85300', 'Sabanalarga - Casanare'),
('85315', 'Sacama - Casanare'),
('85325', 'San Luis De Palenque - Casanare'),
('85400', 'Tamara - Casanare'),
('85410', 'Tauramena - Casanare'),
('85430', 'Trinidad - Casanare'),
('85440', 'Villanueva - Casanare'),
('8549', 'Piojo - Atlantico'),
('8558', 'Polonuevo - Atlantico'),
('8560', 'Ponedera - Atlantico'),
('8573', 'Puerto Colombia - Atlantico'),
('86001', 'Mocoa - Putumayo'),
('8606', 'Repelon - Atlantico'),
('86219', 'Colon - Putumayo'),
('86320', 'Orito - Putumayo'),
('8634', 'Sabanagrande - Atlantico'),
('8638', 'Sabanalarga - Atlantico'),
('86568', 'Puerto Asis - Putumayo'),
('86573', 'Puerto Leguizamo - Putumayo'),
('86749', 'Sibundoy - Putumayo'),
('8675', 'Santa Lucia - Atlantico'),
('86755', 'San Francisco - Putumayo'),
('86757', 'San Miguel - Putumayo'),
('86760', 'Santiago - Putumayo'),
('8685', 'Santo Tomas - Atlantico'),
('86865', 'Valle Del Guamuez - Putumayo'),
('86885', 'Villagarzon - Putumayo'),
('8758', 'Soledad - Atlantico'),
('8770', 'Suan - Atlantico'),
('8832', 'Tubara - Atlantico'),
('8849', 'Usiacuri - Atlantico'),
('88564', 'Providencia - Archipielago de San Andres, Providencia y Sant'),
('91001', 'Leticia - Amazonas'),
('91263', 'El Encanto - Amazonas'),
('91405', 'La Chorrera - Amazonas'),
('91407', 'La Pedrera - Amazonas'),
('91460', 'Miriti – Parana - Amazonas'),
('91540', 'Puerto Narino - Amazonas'),
('91669', 'Puerto Santander - Amazonas'),
('91798', 'Tarapaca - Amazonas'),
('94001', 'Inirida - Guainia'),
('94343', 'Barranco Minas - Guainia'),
('94991', 'Miraflores - Guainia'),
('95001', 'San Jose Del Guaviare - Guaviare'),
('95025', 'El Retorno - Guaviare'),
('95200', 'Miraflores - Guaviare'),
('95220', 'Morichal Viejo - Guaviare'),
('97001', 'Mitu - Vaupes'),
('97161', 'Caruru - Vaupes'),
('97511', 'Pacoa - Vaupes'),
('97889', 'Yavarate - Vaupes'),
('99001', 'Puerto Carreno - Vichada'),
('99496', 'Nueva Antioquia - Vichada'),
('99760', 'San Jose Ocupe - Vichada'),
('99773', 'Cumaribo - Vichada'),
('99952', 'Primavera - Vichada');

-- --------------------------------------------------------

--
-- Estructura de tabla para la tabla `cliente`
--

CREATE TABLE `cliente` (
  `ced_cliente` varchar(15) COLLATE utf8_spanish_ci NOT NULL,
  `cli_nombres` varchar(50) COLLATE utf8_spanish_ci NOT NULL,
  `cli_apellidos` varchar(50) COLLATE utf8_spanish_ci NOT NULL,
  `cli_celular` varchar(15) COLLATE utf8_spanish_ci NOT NULL,
  `cli_email` varchar(80) COLLATE utf8_spanish_ci NOT NULL,
  `cli_direccion` varchar(60) COLLATE utf8_spanish_ci NOT NULL,
  `cli_cod_ciudad_depto` varchar(5) COLLATE utf8_spanish_ci NOT NULL,
  `cli_fecha` timestamp NOT NULL DEFAULT current_timestamp(),
  `cli_contrasena` varchar(32) COLLATE utf8_spanish_ci NOT NULL
) ENGINE=InnoDB DEFAULT CHARSET=utf8 COLLATE=utf8_spanish_ci;

--
-- Volcado de datos para la tabla `cliente`
--

INSERT INTO `cliente` (`ced_cliente`, `cli_nombres`, `cli_apellidos`, `cli_celular`, `cli_email`, `cli_direccion`, `cli_cod_ciudad_depto`, `cli_fecha`, `cli_contrasena`) VALUES
('103321455', 'ANTONIO', 'BANDERAS', '3002001234', 'antonioband@gmail.com', 'Calle Felicia 33 A', '76834', '2021-09-27 01:35:11', 'quebandera'),
('43908759', 'JAVIER ANTONIO', 'PUTIN TORRES', '3117869945', 'javierputin@gmail.com', 'Av 12 con Transversal 5 - 34', '19100', '2021-10-27 03:08:04', 'javi123'),
('71432987', 'NAYIBE ALEIDA', 'ALVAREZ VEGA', '3232896076', 'nayibe@gmail.com', 'CR 21 # 29 - 29', '68001', '2021-09-27 03:08:46', 'nay123'),
('71555123', 'FAUSTINO', 'ASPRILLA', '3014996755', 'TINO@GMAIL.COM', 'Carrera 50 G sur 16', '73989', '2021-10-01 03:28:27', 'tino123'),
('719879976', 'WILLIAM ALFONSO', 'CASTILLO QUINTERO', '3208501081', 'willi0109@gmail.com', 'Carrera 11 No. 6 - 36', '68001', '2021-09-27 04:23:10', 'will4321');

-- --------------------------------------------------------

--
-- Estructura de tabla para la tabla `genero`
--

CREATE TABLE `genero` (
  `cod_genero` varchar(2) COLLATE utf8_spanish_ci NOT NULL,
  `gene_genero` varchar(20) COLLATE utf8_spanish_ci NOT NULL
) ENGINE=InnoDB DEFAULT CHARSET=utf8 COLLATE=utf8_spanish_ci;

--
-- Volcado de datos para la tabla `genero`
--

INSERT INTO `genero` (`cod_genero`, `gene_genero`) VALUES
('HE', 'HEMBRA'),
('MA', 'MACHO');

-- --------------------------------------------------------

--
-- Estructura de tabla para la tabla `historial`
--

CREATE TABLE `historial` (
  `cod_historial` int(11) NOT NULL,
  `hist_cod_cita` int(11) NOT NULL,
  `hist_diagnostico` text COLLATE utf8_spanish_ci NOT NULL,
  `hist_recomendaciones` text COLLATE utf8_spanish_ci NOT NULL,
  `hist_medicacion` text COLLATE utf8_spanish_ci NOT NULL,
  `hist_fecha_historial` datetime NOT NULL
) ENGINE=InnoDB DEFAULT CHARSET=utf8 COLLATE=utf8_spanish_ci;

-- --------------------------------------------------------

--
-- Estructura de tabla para la tabla `raza`
--

CREATE TABLE `raza` (
  `cod_raza` varchar(2) COLLATE utf8_spanish_ci NOT NULL,
  `raza_raza` varchar(50) COLLATE utf8_spanish_ci NOT NULL
) ENGINE=InnoDB DEFAULT CHARSET=utf8 COLLATE=utf8_spanish_ci;

--
-- Volcado de datos para la tabla `raza`
--

INSERT INTO `raza` (`cod_raza`, `raza_raza`) VALUES
('CA', 'CANINO'),
('EQ', 'EQUINO'),
('FE', 'FELINO'),
('PO', 'PORCINO'),
('VA', 'VACUNO');

-- --------------------------------------------------------

--
-- Estructura de tabla para la tabla `tipo_cita`
--

CREATE TABLE `tipo_cita` (
  `cod_tipo` varchar(2) COLLATE utf8_spanish_ci NOT NULL,
  `tcita_tipo` varchar(50) COLLATE utf8_spanish_ci NOT NULL
) ENGINE=InnoDB DEFAULT CHARSET=utf8 COLLATE=utf8_spanish_ci;

--
-- Volcado de datos para la tabla `tipo_cita`
--

INSERT INTO `tipo_cita` (`cod_tipo`, `tcita_tipo`) VALUES
('DO', 'DOMICILIARIA'),
('PR', 'PRESENCIAL'),
('VT', 'VIRTUAL');

-- --------------------------------------------------------

--
-- Estructura de tabla para la tabla `turno`
--

CREATE TABLE `turno` (
  `id_turno` int(11) NOT NULL,
  `tur_cedveterinario` varchar(15) CHARACTER SET utf8 COLLATE utf8_spanish_ci NOT NULL,
  `tur_fecha` date NOT NULL,
  `tur_turno` time NOT NULL,
  `tur_cod_cita` int(11) NOT NULL DEFAULT 0
) ENGINE=InnoDB DEFAULT CHARSET=utf8mb4;

--
-- Volcado de datos para la tabla `turno`
--

INSERT INTO `turno` (`id_turno`, `tur_cedveterinario`, `tur_fecha`, `tur_turno`, `tur_cod_cita`) VALUES
(1, '100135654', '2021-10-05', '08:00:00', 1),
(2, '100135654', '2021-10-05', '08:30:00', 1),
(3, '100135654', '2021-10-05', '09:00:00', 0),
(4, '100135654', '2021-10-05', '09:30:00', 1),
(5, '100135654', '2021-10-05', '10:00:00', 1),
(6, '100135654', '2021-10-05', '10:30:00', 1),
(7, '100135654', '2021-10-05', '11:00:00', 1),
(8, '100135654', '2021-10-05', '11:30:00', 1),
(9, '100135654', '2021-10-05', '12:00:00', 1),
(10, '100135654', '2021-10-05', '12:30:00', 1),
(11, '100135654', '2021-10-05', '13:00:00', 1),
(12, '100135654', '2021-10-05', '13:30:00', 1),
(13, '100135654', '2021-10-05', '14:00:00', 1),
(14, '100135654', '2021-10-05', '14:30:00', 1),
(15, '100135654', '2021-10-05', '15:00:00', 0),
(16, '100135654', '2021-10-05', '15:30:00', 0),
(17, '100135654', '2021-10-05', '16:00:00', 0),
(18, '100135654', '2021-10-06', '08:00:00', 0),
(19, '100135654', '2021-10-06', '08:30:00', 0),
(20, '100135654', '2021-10-06', '09:00:00', 0),
(21, '100135654', '2021-10-06', '09:30:00', 0),
(22, '100135654', '2021-10-06', '10:00:00', 0),
(23, '100135654', '2021-10-06', '10:30:00', 0),
(24, '100135654', '2021-10-06', '11:00:00', 0),
(25, '100135654', '2021-10-06', '11:30:00', 0),
(26, '100135654', '2021-10-06', '12:00:00', 0),
(27, '100135654', '2021-10-06', '12:30:00', 0),
(28, '100135654', '2021-10-06', '13:00:00', 0),
(29, '100135654', '2021-10-06', '13:30:00', 0),
(30, '100135654', '2021-10-06', '14:00:00', 0),
(31, '100135654', '2021-10-06', '14:30:00', 0),
(32, '100135654', '2021-10-06', '15:00:00', 0),
(33, '100135654', '2021-10-06', '15:30:00', 0),
(34, '100135654', '2021-10-06', '16:00:00', 0),
(35, '100135654', '2021-10-07', '08:00:00', 0),
(36, '100135654', '2021-10-07', '08:30:00', 0),
(37, '100135654', '2021-10-07', '09:00:00', 0),
(38, '100135654', '2021-10-07', '09:30:00', 0),
(39, '100135654', '2021-10-07', '10:00:00', 0),
(40, '100135654', '2021-10-07', '10:30:00', 0),
(41, '100135654', '2021-10-07', '11:00:00', 0),
(42, '100135654', '2021-10-07', '11:30:00', 0),
(43, '100135654', '2021-10-07', '12:00:00', 0),
(44, '100135654', '2021-10-07', '12:30:00', 0),
(45, '100135654', '2021-10-07', '13:00:00', 0),
(46, '100135654', '2021-10-07', '13:30:00', 0),
(47, '100135654', '2021-10-07', '14:00:00', 0),
(48, '100135654', '2021-10-07', '14:30:00', 0),
(49, '100135654', '2021-10-07', '15:00:00', 0),
(50, '100135654', '2021-10-07', '15:30:00', 0),
(51, '100135654', '2021-10-07', '16:00:00', 0),
(52, '100135654', '2021-10-08', '08:00:00', 0),
(53, '100135654', '2021-10-08', '08:30:00', 0),
(54, '100135654', '2021-10-08', '09:00:00', 0),
(55, '100135654', '2021-10-08', '09:30:00', 0),
(56, '100135654', '2021-10-08', '10:00:00', 0),
(57, '100135654', '2021-10-08', '10:30:00', 0),
(58, '100135654', '2021-10-08', '11:00:00', 0),
(59, '100135654', '2021-10-08', '11:30:00', 0),
(60, '100135654', '2021-10-08', '12:00:00', 0),
(61, '100135654', '2021-10-08', '12:30:00', 0),
(62, '100135654', '2021-10-08', '13:00:00', 0),
(63, '100135654', '2021-10-08', '13:30:00', 0),
(64, '100135654', '2021-10-08', '14:00:00', 0),
(65, '100135654', '2021-10-08', '14:30:00', 0),
(66, '100135654', '2021-10-08', '15:00:00', 0),
(67, '100135654', '2021-10-08', '15:30:00', 0),
(68, '100135654', '2021-10-08', '16:00:00', 0),
(69, '100135654', '2021-10-09', '08:00:00', 0),
(70, '100135654', '2021-10-09', '08:30:00', 0),
(71, '100135654', '2021-10-09', '09:00:00', 0),
(72, '100135654', '2021-10-09', '09:30:00', 0),
(73, '100135654', '2021-10-09', '10:00:00', 0),
(74, '100135654', '2021-10-09', '10:30:00', 0),
(75, '100135654', '2021-10-09', '11:00:00', 0),
(76, '100135654', '2021-10-09', '11:30:00', 0),
(77, '100135654', '2021-10-09', '12:00:00', 0),
(78, '100135654', '2021-10-09', '12:30:00', 0),
(79, '100135654', '2021-10-09', '13:00:00', 0),
(80, '100135654', '2021-10-09', '13:30:00', 0),
(81, '100135654', '2021-10-09', '14:00:00', 0),
(82, '100135654', '2021-10-09', '14:30:00', 0),
(83, '100135654', '2021-10-09', '15:00:00', 0),
(84, '100135654', '2021-10-09', '15:30:00', 0),
(85, '100135654', '2021-10-09', '16:00:00', 0),
(86, '100135654', '2021-10-10', '08:00:00', 0),
(87, '100135654', '2021-10-10', '08:30:00', 0),
(88, '100135654', '2021-10-10', '09:00:00', 0),
(89, '100135654', '2021-10-10', '09:30:00', 0),
(90, '100135654', '2021-10-10', '10:00:00', 0),
(91, '100135654', '2021-10-10', '10:30:00', 0),
(92, '100135654', '2021-10-10', '11:00:00', 0),
(93, '100135654', '2021-10-10', '11:30:00', 0),
(94, '100135654', '2021-10-10', '12:00:00', 0),
(95, '100135654', '2021-10-10', '12:30:00', 0),
(96, '100135654', '2021-10-10', '13:00:00', 0),
(97, '100135654', '2021-10-10', '13:30:00', 0),
(98, '100135654', '2021-10-10', '14:00:00', 0),
(99, '100135654', '2021-10-10', '14:30:00', 0),
(100, '100135654', '2021-10-10', '15:00:00', 0),
(101, '100135654', '2021-10-10', '15:30:00', 0),
(102, '100135654', '2021-10-10', '16:00:00', 0),
(103, '100135654', '2021-10-11', '08:00:00', 0),
(104, '100135654', '2021-10-11', '08:30:00', 0),
(105, '100135654', '2021-10-11', '09:00:00', 0),
(106, '100135654', '2021-10-11', '09:30:00', 0),
(107, '100135654', '2021-10-11', '10:00:00', 0),
(108, '100135654', '2021-10-11', '10:30:00', 0),
(109, '100135654', '2021-10-11', '11:00:00', 0),
(110, '100135654', '2021-10-11', '11:30:00', 0),
(111, '100135654', '2021-10-11', '12:00:00', 0),
(112, '100135654', '2021-10-11', '12:30:00', 0),
(113, '100135654', '2021-10-11', '13:00:00', 0),
(114, '100135654', '2021-10-11', '13:30:00', 0),
(115, '100135654', '2021-10-11', '14:00:00', 0),
(116, '100135654', '2021-10-11', '14:30:00', 0),
(117, '100135654', '2021-10-11', '15:00:00', 0),
(118, '100135654', '2021-10-11', '15:30:00', 0),
(119, '100135654', '2021-10-11', '16:00:00', 0),
(120, '100135654', '2021-10-13', '08:00:00', 0),
(121, '100135654', '2021-10-13', '08:30:00', 0),
(122, '100135654', '2021-10-13', '09:00:00', 0),
(123, '100135654', '2021-10-13', '09:30:00', 0),
(124, '100135654', '2021-10-13', '10:00:00', 0),
(125, '100135654', '2021-10-13', '10:30:00', 0),
(126, '100135654', '2021-10-13', '11:00:00', 0),
(127, '100135654', '2021-10-13', '11:30:00', 0),
(128, '100135654', '2021-10-13', '12:00:00', 0),
(129, '100135654', '2021-10-13', '12:30:00', 0),
(130, '100135654', '2021-10-13', '13:00:00', 0),
(131, '100135654', '2021-10-13', '13:30:00', 0),
(132, '100135654', '2021-10-13', '14:00:00', 0),
(133, '100135654', '2021-10-13', '14:30:00', 0),
(134, '100135654', '2021-10-13', '15:00:00', 0),
(135, '100135654', '2021-10-13', '15:30:00', 0),
(136, '100135654', '2021-10-13', '16:00:00', 0),
(137, '101654789', '2021-10-05', '08:00:00', 1),
(138, '101654789', '2021-10-05', '08:30:00', 1),
(139, '101654789', '2021-10-05', '09:00:00', 1),
(140, '101654789', '2021-10-05', '09:30:00', 1),
(141, '101654789', '2021-10-05', '10:00:00', 1),
(142, '101654789', '2021-10-05', '10:30:00', 1),
(143, '101654789', '2021-10-05', '11:00:00', 1),
(144, '101654789', '2021-10-05', '11:30:00', 1),
(145, '101654789', '2021-10-05', '12:00:00', 0),
(146, '101654789', '2021-10-05', '12:30:00', 0),
(147, '101654789', '2021-10-05', '13:00:00', 0),
(148, '101654789', '2021-10-05', '13:30:00', 0),
(149, '101654789', '2021-10-05', '14:00:00', 0),
(150, '101654789', '2021-10-05', '14:30:00', 0),
(151, '101654789', '2021-10-05', '15:00:00', 0),
(152, '101654789', '2021-10-05', '15:30:00', 0),
(153, '101654789', '2021-10-05', '16:00:00', 0),
(154, '101654789', '2021-10-06', '08:00:00', 0),
(155, '101654789', '2021-10-06', '08:30:00', 0),
(156, '101654789', '2021-10-06', '09:00:00', 0),
(157, '101654789', '2021-10-06', '09:30:00', 0),
(158, '101654789', '2021-10-06', '10:00:00', 0),
(159, '101654789', '2021-10-06', '10:30:00', 0),
(160, '101654789', '2021-10-06', '11:00:00', 0),
(161, '101654789', '2021-10-06', '11:30:00', 0),
(162, '101654789', '2021-10-06', '12:00:00', 0),
(163, '101654789', '2021-10-06', '12:30:00', 0),
(164, '101654789', '2021-10-06', '13:00:00', 0),
(165, '101654789', '2021-10-06', '13:30:00', 0),
(166, '101654789', '2021-10-06', '14:00:00', 0),
(167, '101654789', '2021-10-06', '14:30:00', 0),
(168, '101654789', '2021-10-06', '15:00:00', 0),
(169, '101654789', '2021-10-06', '15:30:00', 0),
(170, '101654789', '2021-10-06', '16:00:00', 0),
(171, '101654789', '2021-10-07', '08:00:00', 0),
(172, '101654789', '2021-10-07', '08:30:00', 0),
(173, '101654789', '2021-10-07', '09:00:00', 0),
(174, '101654789', '2021-10-07', '09:30:00', 0),
(175, '101654789', '2021-10-07', '10:00:00', 0),
(176, '101654789', '2021-10-07', '10:30:00', 0),
(177, '101654789', '2021-10-07', '11:00:00', 0),
(178, '101654789', '2021-10-07', '11:30:00', 0),
(179, '101654789', '2021-10-07', '12:00:00', 0),
(180, '101654789', '2021-10-07', '12:30:00', 0),
(181, '101654789', '2021-10-07', '13:00:00', 0),
(182, '101654789', '2021-10-07', '13:30:00', 0),
(183, '101654789', '2021-10-07', '14:00:00', 0),
(184, '101654789', '2021-10-07', '14:30:00', 0),
(185, '101654789', '2021-10-07', '15:00:00', 0),
(186, '101654789', '2021-10-07', '15:30:00', 0),
(187, '101654789', '2021-10-07', '16:00:00', 0),
(188, '101654789', '2021-10-08', '08:00:00', 0),
(189, '101654789', '2021-10-08', '08:30:00', 0),
(190, '101654789', '2021-10-08', '09:00:00', 0),
(191, '101654789', '2021-10-08', '09:30:00', 0),
(192, '101654789', '2021-10-08', '10:00:00', 0),
(193, '101654789', '2021-10-08', '10:30:00', 0),
(194, '101654789', '2021-10-08', '11:00:00', 0),
(195, '101654789', '2021-10-08', '11:30:00', 0),
(196, '101654789', '2021-10-08', '12:00:00', 0),
(197, '101654789', '2021-10-08', '12:30:00', 0),
(198, '101654789', '2021-10-08', '13:00:00', 0),
(199, '101654789', '2021-10-08', '13:30:00', 0),
(200, '101654789', '2021-10-08', '14:00:00', 0),
(201, '101654789', '2021-10-08', '14:30:00', 0),
(202, '101654789', '2021-10-08', '15:00:00', 0),
(203, '101654789', '2021-10-08', '15:30:00', 0),
(204, '101654789', '2021-10-08', '16:00:00', 0),
(205, '101654789', '2021-10-09', '08:00:00', 0),
(206, '101654789', '2021-10-09', '08:30:00', 0),
(207, '101654789', '2021-10-09', '09:00:00', 0),
(208, '101654789', '2021-10-09', '09:30:00', 0),
(209, '101654789', '2021-10-09', '10:00:00', 0),
(210, '101654789', '2021-10-09', '10:30:00', 0),
(211, '101654789', '2021-10-09', '11:00:00', 0),
(212, '101654789', '2021-10-09', '11:30:00', 0),
(213, '101654789', '2021-10-09', '12:00:00', 0),
(214, '101654789', '2021-10-09', '12:30:00', 0),
(215, '101654789', '2021-10-09', '13:00:00', 0),
(216, '101654789', '2021-10-09', '13:30:00', 0),
(217, '101654789', '2021-10-09', '14:00:00', 0),
(218, '101654789', '2021-10-09', '14:30:00', 0),
(219, '101654789', '2021-10-09', '15:00:00', 0),
(220, '101654789', '2021-10-09', '15:30:00', 0),
(221, '101654789', '2021-10-09', '16:00:00', 0),
(222, '101654789', '2021-10-10', '08:00:00', 0),
(223, '101654789', '2021-10-10', '08:30:00', 0),
(224, '101654789', '2021-10-10', '09:00:00', 0),
(225, '101654789', '2021-10-10', '09:30:00', 0),
(226, '101654789', '2021-10-10', '10:00:00', 0),
(227, '101654789', '2021-10-10', '10:30:00', 0),
(228, '101654789', '2021-10-10', '11:00:00', 0),
(229, '101654789', '2021-10-10', '11:30:00', 0),
(230, '101654789', '2021-10-10', '12:00:00', 0),
(231, '101654789', '2021-10-10', '12:30:00', 0),
(232, '101654789', '2021-10-10', '13:00:00', 0),
(233, '101654789', '2021-10-10', '13:30:00', 0),
(234, '101654789', '2021-10-10', '14:00:00', 0),
(235, '101654789', '2021-10-10', '14:30:00', 0),
(236, '101654789', '2021-10-10', '15:00:00', 0),
(237, '101654789', '2021-10-10', '15:30:00', 0),
(238, '101654789', '2021-10-10', '16:00:00', 0),
(239, '101654789', '2021-10-11', '08:00:00', 0),
(240, '101654789', '2021-10-11', '08:30:00', 0),
(241, '101654789', '2021-10-11', '09:00:00', 0),
(242, '101654789', '2021-10-11', '09:30:00', 0),
(243, '101654789', '2021-10-11', '10:00:00', 0),
(244, '101654789', '2021-10-11', '10:30:00', 0),
(245, '101654789', '2021-10-11', '11:00:00', 0),
(246, '101654789', '2021-10-11', '11:30:00', 0),
(247, '101654789', '2021-10-11', '12:00:00', 0),
(248, '101654789', '2021-10-11', '12:30:00', 0),
(249, '101654789', '2021-10-11', '13:00:00', 0),
(250, '101654789', '2021-10-11', '13:30:00', 0),
(251, '101654789', '2021-10-11', '14:00:00', 0),
(252, '101654789', '2021-10-11', '14:30:00', 0),
(253, '101654789', '2021-10-11', '15:00:00', 0),
(254, '101654789', '2021-10-11', '15:30:00', 0),
(255, '101654789', '2021-10-11', '16:00:00', 0),
(256, '101654789', '2021-10-13', '08:00:00', 0),
(257, '101654789', '2021-10-13', '08:30:00', 0),
(258, '101654789', '2021-10-13', '09:00:00', 0),
(259, '101654789', '2021-10-13', '09:30:00', 0),
(260, '101654789', '2021-10-13', '10:00:00', 0),
(261, '101654789', '2021-10-13', '10:30:00', 0),
(262, '101654789', '2021-10-13', '11:00:00', 0),
(263, '101654789', '2021-10-13', '11:30:00', 0),
(264, '101654789', '2021-10-13', '12:00:00', 0),
(265, '101654789', '2021-10-13', '12:30:00', 0),
(266, '101654789', '2021-10-13', '13:00:00', 0),
(267, '101654789', '2021-10-13', '13:30:00', 0),
(268, '101654789', '2021-10-13', '14:00:00', 0),
(269, '101654789', '2021-10-13', '14:30:00', 0),
(270, '101654789', '2021-10-13', '15:00:00', 0),
(271, '101654789', '2021-10-13', '15:30:00', 0),
(272, '101654789', '2021-10-13', '16:00:00', 0),
(273, '100135654', '2021-11-01', '08:00:00', 1),
(274, '100135654', '2021-11-01', '08:30:00', 1),
(275, '100135654', '2021-11-01', '09:00:00', 0),
(276, '100135654', '2021-11-01', '09:30:00', 0),
(277, '100135654', '2021-11-01', '10:00:00', 0),
(278, '100135654', '2021-11-01', '10:30:00', 0),
(279, '100135654', '2021-11-01', '11:00:00', 0),
(280, '100135654', '2021-11-01', '11:30:00', 0),
(281, '100135654', '2021-11-01', '12:00:00', 0),
(282, '100135654', '2021-11-01', '12:30:00', 0),
(283, '100135654', '2021-11-01', '13:00:00', 0),
(284, '100135654', '2021-11-01', '13:30:00', 0),
(285, '100135654', '2021-11-01', '14:00:00', 0),
(286, '100135654', '2021-11-01', '14:30:00', 0),
(287, '100135654', '2021-11-01', '15:00:00', 0),
(288, '100135654', '2021-11-01', '15:30:00', 0),
(289, '100135654', '2021-11-01', '16:00:00', 0),
(290, '101654789', '2021-11-01', '08:00:00', 0),
(291, '101654789', '2021-11-01', '08:30:00', 0),
(292, '101654789', '2021-11-01', '09:00:00', 0),
(293, '101654789', '2021-11-01', '09:30:00', 0),
(294, '101654789', '2021-11-01', '10:00:00', 0),
(295, '101654789', '2021-11-01', '10:30:00', 0),
(296, '101654789', '2021-11-01', '11:00:00', 0),
(297, '101654789', '2021-11-01', '11:30:00', 0),
(298, '101654789', '2021-11-01', '12:00:00', 0),
(299, '101654789', '2021-11-01', '12:30:00', 0),
(300, '101654789', '2021-11-01', '13:00:00', 0),
(301, '101654789', '2021-11-01', '13:30:00', 0),
(302, '101654789', '2021-11-01', '14:00:00', 0),
(303, '101654789', '2021-11-01', '14:30:00', 0),
(304, '101654789', '2021-11-01', '15:00:00', 0),
(305, '101654789', '2021-11-01', '15:30:00', 0),
(306, '101654789', '2021-11-01', '16:00:00', 0);

-- --------------------------------------------------------

--
-- Estructura de tabla para la tabla `veterinario`
--

CREATE TABLE `veterinario` (
  `ced_veterinario` varchar(15) COLLATE utf8_spanish_ci NOT NULL,
  `usu_nombre` varchar(50) COLLATE utf8_spanish_ci NOT NULL,
  `usu_apellido` varchar(50) COLLATE utf8_spanish_ci NOT NULL,
  `usu_celular` varchar(15) COLLATE utf8_spanish_ci NOT NULL,
  `usu_email` varchar(80) COLLATE utf8_spanish_ci NOT NULL,
  `usu_direccion` varchar(80) COLLATE utf8_spanish_ci NOT NULL,
  `usu_cod_ciudad_depto` varchar(5) COLLATE utf8_spanish_ci NOT NULL,
  `usu_activo` char(1) COLLATE utf8_spanish_ci NOT NULL DEFAULT '1',
  `usu_tipo` enum('ADMINISTRADOR','VETERINARIO','CLIENTE','AUXILIAR') COLLATE utf8_spanish_ci NOT NULL DEFAULT 'CLIENTE',
  `usu_constrasena` varchar(32) COLLATE utf8_spanish_ci NOT NULL,
  `usu_fecha` timestamp NOT NULL DEFAULT current_timestamp()
) ENGINE=InnoDB DEFAULT CHARSET=utf8 COLLATE=utf8_spanish_ci;

--
-- Volcado de datos para la tabla `veterinario`
--

INSERT INTO `veterinario` (`ced_veterinario`, `usu_nombre`, `usu_apellido`, `usu_celular`, `usu_email`, `usu_direccion`, `usu_cod_ciudad_depto`, `usu_activo`, `usu_tipo`, `usu_constrasena`, `usu_fecha`) VALUES
('100135654', 'EINER', 'MEDINA', '3158939634', 'e.medina@gmail.com', 'Avenida 2 ## - ##', '11001', '1', 'VETERINARIO', 'einer123', '2021-08-31 01:32:48'),
('100232525', 'DANIELA', 'OLGADO', '3006766562', 'd.olgado@gmail.com', 'Carrera ## - ##', '68001', '1', 'ADMINISTRADOR', 'daniela123', '2021-08-31 01:32:48'),
('1003455875', 'CARLOS', 'GOMEZ', '322095863', 'carlos.g@gmail.com', 'Avenida # 32 ', '13074', '1', 'ADMINISTRADOR', 'admin123', '2021-09-02 01:28:53'),
('101000258', 'PAOLA', 'JARA', '321452785', 'pajar@gmail.com', 'Vecindad # 35', '27099', '1', 'AUXILIAR', 'pao123', '2021-09-08 22:41:43'),
('101654789', 'VICTOR', 'MANUEL', '3006652109', 'v.manuel@gmail.com', 'Carrera 23 ## - ##', '11001', '1', 'VETERINARIO', 'victor123', '2021-08-31 01:32:48'),
('103258741', 'LUIS', 'PIEDRAHITA', '3113441900', 'l.piedrahita@gmail.com', 'Calle 72 ## - ##', '5001', '1', 'ADMINISTRADOR', 'luis1234', '2021-08-31 01:32:48'),
('437860342', 'ARMANDO', 'TORRES', '300666899', 'armandop@gmail.com', 'Calle 32 # 25 - 44', '68001', '1', 'VETERINARIO', 'armando123', '2021-10-26 05:02:18');

--
-- indices para tablas volcadas
--

--
-- Indices de la tabla `animal`
--
ALTER TABLE `animal`
  ADD PRIMARY KEY (`cod_animal`),
  ADD KEY `frk_anim_gene` (`anim_cod_genero`),
  ADD KEY `frk_anim_raza` (`anim_cod_raza`),
  ADD KEY `frk_anim_vet` (`anim_ced_cli`) USING BTREE;

--
-- Indices de la tabla `cita`
--
ALTER TABLE `cita`
  ADD PRIMARY KEY (`cod_cita`),
  ADD KEY `frk_cita_anim` (`cita_cod_animal`),
  ADD KEY `frk_cita_tipoc` (`cita_tipo_cita`),
  ADD KEY `frk_cita_turno` (`cita_turno`);

--
-- Indices de la tabla `ciudad`
--
ALTER TABLE `ciudad`
  ADD PRIMARY KEY (`cod_ciudad_depto`);

--
-- Indices de la tabla `cliente`
--
ALTER TABLE `cliente`
  ADD PRIMARY KEY (`ced_cliente`),
  ADD KEY `frk_clie_ciu` (`cli_cod_ciudad_depto`);

--
-- Indices de la tabla `genero`
--
ALTER TABLE `genero`
  ADD PRIMARY KEY (`cod_genero`);

--
-- Indices de la tabla `historial`
--
ALTER TABLE `historial`
  ADD PRIMARY KEY (`cod_historial`),
  ADD KEY `frk_hist_cita` (`hist_cod_cita`);

--
-- Indices de la tabla `raza`
--
ALTER TABLE `raza`
  ADD PRIMARY KEY (`cod_raza`);

--
-- Indices de la tabla `tipo_cita`
--
ALTER TABLE `tipo_cita`
  ADD PRIMARY KEY (`cod_tipo`);

--
-- Indices de la tabla `turno`
--
ALTER TABLE `turno`
  ADD PRIMARY KEY (`id_turno`),
  ADD KEY `frk_turno_veteterinario` (`tur_cedveterinario`);

--
-- Indices de la tabla `veterinario`
--
ALTER TABLE `veterinario`
  ADD PRIMARY KEY (`ced_veterinario`),
  ADD KEY `frk_vet_ciu` (`usu_cod_ciudad_depto`);

--
-- AUTO_INCREMENT de las tablas volcadas
--

--
-- AUTO_INCREMENT de la tabla `cita`
--
ALTER TABLE `cita`
  MODIFY `cod_cita` int(11) NOT NULL AUTO_INCREMENT, AUTO_INCREMENT=27;

--
-- AUTO_INCREMENT de la tabla `historial`
--
ALTER TABLE `historial`
  MODIFY `cod_historial` int(11) NOT NULL AUTO_INCREMENT;

--
-- AUTO_INCREMENT de la tabla `turno`
--
ALTER TABLE `turno`
  MODIFY `id_turno` int(11) NOT NULL AUTO_INCREMENT, AUTO_INCREMENT=307;

--
-- Restricciones para tablas volcadas
--

--
-- Filtros para la tabla `animal`
--
ALTER TABLE `animal`
  ADD CONSTRAINT `frk_anim_cliente` FOREIGN KEY (`anim_ced_cli`) REFERENCES `cliente` (`ced_cliente`) ON DELETE CASCADE ON UPDATE CASCADE,
  ADD CONSTRAINT `frk_anim_genero` FOREIGN KEY (`anim_cod_genero`) REFERENCES `genero` (`cod_genero`) ON DELETE CASCADE ON UPDATE CASCADE,
  ADD CONSTRAINT `frk_anim_raza` FOREIGN KEY (`anim_cod_raza`) REFERENCES `raza` (`cod_raza`) ON DELETE CASCADE ON UPDATE CASCADE;

--
-- Filtros para la tabla `cita`
--
ALTER TABLE `cita`
  ADD CONSTRAINT `frk_cita_animal` FOREIGN KEY (`cita_cod_animal`) REFERENCES `animal` (`cod_animal`) ON DELETE CASCADE ON UPDATE CASCADE,
  ADD CONSTRAINT `frk_cita_tipocita` FOREIGN KEY (`cita_tipo_cita`) REFERENCES `tipo_cita` (`cod_tipo`) ON DELETE CASCADE ON UPDATE CASCADE,
  ADD CONSTRAINT `frk_cita_turno` FOREIGN KEY (`cita_turno`) REFERENCES `turno` (`id_turno`);

--
-- Filtros para la tabla `cliente`
--
ALTER TABLE `cliente`
  ADD CONSTRAINT `frk_cliente_ciudad` FOREIGN KEY (`cli_cod_ciudad_depto`) REFERENCES `ciudad` (`cod_ciudad_depto`) ON DELETE CASCADE ON UPDATE CASCADE;

--
-- Filtros para la tabla `historial`
--
ALTER TABLE `historial`
  ADD CONSTRAINT `frk_historial_cita` FOREIGN KEY (`hist_cod_cita`) REFERENCES `cita` (`cod_cita`) ON DELETE CASCADE ON UPDATE CASCADE;

--
-- Filtros para la tabla `turno`
--
ALTER TABLE `turno`
  ADD CONSTRAINT `frk_turno_veteterinario` FOREIGN KEY (`tur_cedveterinario`) REFERENCES `veterinario` (`ced_veterinario`) ON DELETE CASCADE ON UPDATE CASCADE;

--
-- Filtros para la tabla `veterinario`
--
ALTER TABLE `veterinario`
  ADD CONSTRAINT `frk_veterinario_ciudad` FOREIGN KEY (`usu_cod_ciudad_depto`) REFERENCES `ciudad` (`cod_ciudad_depto`) ON DELETE CASCADE ON UPDATE CASCADE;
COMMIT;

/*!40101 SET CHARACTER_SET_CLIENT=@OLD_CHARACTER_SET_CLIENT */;
/*!40101 SET CHARACTER_SET_RESULTS=@OLD_CHARACTER_SET_RESULTS */;
/*!40101 SET COLLATION_CONNECTION=@OLD_COLLATION_CONNECTION */;
